Month-Year,SE,ANOM,SST,,year,sst_yr,sst_se_yr,sst_anom_yr,,year,sst_summer,sst_se_summer,sst_anom_summer,,year,sst_winter,sst_se_winter,sst_anom_winter
Jan-82,0.336258061,0.446580638,5.532580555,,1982,9.937504683,0.302605782,0.267602658,,1982,14.84344328,0.312355909,-0.557512895,,1982,4.716044483,0.295067585,0.61218125
Feb-82,0.290428566,0.822285701,4.568714239,,1983,10.3285995,0.316949419,0.658726999,,1983,15.59041855,0.325362361,0.189377953,,1983,6.112638743,0.301490203,1.250900904
Mar-82,0.258516127,0.56767741,4.046838655,,1984,10.04300644,0.330340392,0.374012323,,1984,15.47343093,0.318923114,0.072355376,,1984,5.271176222,0.311684089,0.412125688
Apr-82,0.30473333,0.032866667,4.976333272,,1985,9.8792132,0.266088565,0.210495503,,1985,14.81670889,0.256043544,-0.584401603,,1985,6.007101284,0.28913882,1.14906392
May-82,0.35025806,1.020451599,9.385806287,,1986,9.484575755,0.261246633,-0.185321416,,1986,14.62017742,0.254148387,-0.780965591,,1986,4.926563333,0.260824308,0.065004031
Jun-82,0.363066661,-0.685199987,12.0404664,,1987,9.561142154,0.267164158,-0.108787737,,1987,15.50139731,0.281991398,0.100043011,,1987,5.136010364,0.250919355,0.274422811
Jul-82,0.289999994,0.150193543,16.44290299,,1988,9.571934791,0.249639278,-0.096974787,,1988,15.28167419,0.258193011,-0.119455376,,1988,4.81932703,0.241922136,-0.039859844
Aug-82,0.269290318,-0.698645154,16.53587071,,1989,9.738082123,0.255949578,0.067979775,,1989,15.84945753,0.250966129,0.448024194,,1989,4.836978111,0.271222926,-0.024813364
Sep-82,0.327066662,-0.996399982,14.35453305,,1990,9.75506715,0.263564555,0.085285855,,1990,16.02111774,0.267015054,0.620287097,,1990,4.381328917,0.248348502,-0.48031394
Oct-82,0.262645158,0.220903222,12.44696745,,1991,10.14062851,0.260482843,0.47071963,,1991,15.97538845,0.258249458,0.574201606,,1991,5.081266656,0.261921656,0.219722346
Nov-82,0.287199997,1.084066648,10.53633306,,1992,9.204884516,0.270940207,-0.463980254,,1992,14.60163411,0.276457522,-0.799394074,,1992,5.203557759,0.269586759,0.344615123
Dec-82,0.291806447,1.246451596,8.382709541,,1993,9.314886322,0.264577965,-0.354955729,,1993,15.14967666,0.251740856,-0.251448921,,1993,4.736439442,0.290057023,-0.125266126
Jan-83,0.277483867,1.708258039,6.793741851,,1994,9.563893795,0.259595566,-0.1058841,,1994,15.53510458,0.246798383,0.134390858,,1994,4.004228053,0.277002299,-0.857389388
Feb-83,0.274928566,0.922571415,4.669071373,,1995,9.763396695,0.38373864,0.09336582,,1995,15.74657827,0.354962898,0.345277414,,1995,5.305414662,0.4026826,0.443574878
Mar-83,0.361741931,1.126322564,4.605032209,,1996,9.604327387,0.265242363,-0.064648955,,1996,15.55092928,0.265662898,0.149870427,,1996,4.289206834,0.28082925,-0.569938255
Apr-83,0.359266662,0.952866647,5.896666597,,1997,9.882685777,0.250798268,0.212887068,,1997,15.62353149,0.253561823,0.222525804,,1997,5.375665241,0.263454489,0.514047227
May-83,0.360967738,0.609290311,8.974644919,,1998,9.757062907,0.269643902,0.087056835,,1998,15.63386428,0.265538705,0.2326086,,1998,4.968604186,0.268822576,0.106597926
Jun-83,0.296199995,0.740466652,13.46666639,,1999,10.28687385,0.256944863,0.617027512,,1999,16.70917555,0.263462899,1.308213961,,1999,4.558145661,0.272793198,-0.303447
Jul-83,0.343096769,-0.297612896,15.99509657,,2000,10.15185626,0.26222802,0.482999478,,2000,15.76237236,0.252087092,0.361248379,,2000,5.303965438,0.251506114,0.445147381
Aug-83,0.35341935,-0.777741928,16.45664488,,2001,10.2466625,0.257860736,0.576729124,,2001,16.15160243,0.265389781,0.750539236,,2001,5.529755673,0.258765548,0.668044918
Sep-83,0.308733329,1.092399985,16.44326638,,2002,10.56099339,0.246180922,0.891124114,,2002,16.17279599,0.251084404,0.771589231,,2002,6.057870891,0.243641701,1.196279358
Oct-83,0.302387094,0.68561289,12.91129,,2003,9.56922882,0.233258803,-0.10058936,,2003,15.74425999,0.240555372,0.343165587,,2003,5.057255114,0.22454147,0.195551264
Nov-83,0.290199995,0.656999989,10.10926646,,2004,9.499825155,0.219372836,-0.169293311,,2004,15.33170406,0.21642634,-0.069583331,,2004,4.450407048,0.218023355,-0.408656279
Dec-83,0.274967738,0.485290316,7.62180631,,2005,9.832239571,0.218288168,0.163601316,,2005,16.15037935,0.219317201,0.749634936,,2005,4.425521816,0.21859677,-0.432634209
Jan-84,0.306709673,0.414967735,5.499870897,,2006,10.54276938,0.221505974,0.874132128,,2006,16.68405351,0.226752146,1.283173632,,2006,5.35357365,0.217752876,0.495317388
Feb-84,0.322413789,1.107793084,4.843930965,,2007,10.44384014,0.230394913,0.775184676,,2007,16.04231481,0.234073114,0.641206978,,2007,6.324773509,0.2211826,1.466488454
Mar-84,0.342645157,-0.35954838,3.119096718,,2008,10.29313966,0.224983317,0.624196887,,2008,16.75197987,0.230587092,1.350637073,,2008,4.370794702,0.224015012,-0.488295319
Apr-84,0.389599995,0.151733332,5.095733271,,2009,10.21456885,0.222854579,0.545933504,,2009,16.38811963,0.229161824,0.987045684,,2009,4.655259148,0.218230411,-0.202556449
May-84,0.392322575,0.144258063,8.509483712,,2010,11.09372267,0.225078478,1.425143131,,2010,17.54771321,0.22803548,2.14678653,,2010,5.626318458,0.220822001,0.768409551
Jun-84,0.409399996,-0.313266662,12.41313306,,2011,10.99219298,0.223576916,1.323638726,,2011,17.1055589,0.227448383,1.70469621,,2011,5.447288506,0.222913015,0.589340426
Jul-84,0.331290319,0.183161285,16.47580618,,2012,11.96235453,0.22124022,2.293327608,,2012,17.93337502,0.223693007,2.532148887,,2012,6.922474861,0.214491098,2.063342571
Aug-84,0.267935479,0.872193539,18.10645141,,2013,11.07378336,0.226292136,1.403856443,,2013,16.83990191,0.228527415,1.438912343,,2013,6.726549995,0.23213018,1.864726357
Sep-84,0.267066663,-0.45266666,14.89833306,,2014,10.46734895,0.221046732,0.798697398,,2014,16.65201483,0.215088706,1.250970405,,2014,4.778008572,0.223804719,-0.07999539
Oct-84,0.290064513,0.362516123,12.58877389,,2015,10.63300419,0.226068058,0.964370758,,2015,16.9756707,0.227529028,1.574646749,,2015,5.280608202,0.230482138,0.422910704
Nov-84,0.28573333,0.975199983,10.42739979,,2016,11.38619431,0.220798877,1.717251159,,2016,17.49960083,0.222204297,2.098491366,,2016,6.465715136,0.221334812,1.606816436
Dec-84,0.358903221,1.401806429,8.538064346,,2017,10.82191881,0.22580431,1.152016046,,2017,16.37178902,0.227528491,0.97093063,,2017,6.377217046,0.220839282,1.515400317
Jan-85,0.278064511,1.259870945,6.342257974,,2018,11.08895158,0.228199036,1.420274045,,2018,18.06682878,0.229362362,2.665779533,,2018,5.406014892,0.229101954,0.547921651
Feb-85,0.277071425,0.844642844,4.578857071,,,,,,,,,,,,,,,
Mar-85,0.242516125,1.089935461,4.569225746,,,,,,,,,,,,,,,
Apr-85,0.239199996,0.365266659,5.309266585,,,,,,,,,,,,,,,
May-85,0.305806447,-0.052580644,8.312451467,,,,,,,,,,,,,,,
Jun-85,0.274599997,-1.020466651,11.70573308,,,,,,,,,,,,,,,
Jul-85,0.257032254,-1.131032236,15.16103199,,,,,,,,,,,,,,,
Aug-85,0.247741931,-0.134774193,17.0998708,,,,,,,,,,,,,,,
Sep-85,0.244799996,-0.051333331,15.3001997,,,,,,,,,,,,,,,
Oct-85,0.250516126,0.54703225,12.77341911,,,,,,,,,,,,,,,
Nov-85,0.319133329,0.618933325,10.07159985,,,,,,,,,,,,,,,
Dec-85,0.256580642,0.19045161,7.326645037,,,,,,,,,,,,,,,
Jan-86,0.26109677,0.017225804,5.102903143,,,,,,,,,,,,,,,
Feb-86,0.280071423,0.221499997,3.967285654,,,,,,,,,,,,,,,
Mar-86,0.245548384,-0.169161286,3.309419314,,,,,,,,,,,,,,,
Apr-86,0.264866661,0.805999987,5.750133259,,,,,,,,,,,,,,,
May-86,0.311161285,0.480129026,8.84574175,,,,,,,,,,,,,,,
Jun-86,0.25893333,-0.946599984,11.7793997,,,,,,,,,,,,,,,
Jul-86,0.259741931,-0.525096767,15.767032,,,,,,,,,,,,,,,
Aug-86,0.260451609,-0.283032254,16.95167722,,,,,,,,,,,,,,,
Sep-86,0.237466663,-1.36913331,13.98259968,,,,,,,,,,,,,,,
Oct-86,0.247161287,-0.227032254,11.99896742,,,,,,,,,,,,,,,
Nov-86,0.260266663,-0.282333329,9.170199743,,,,,,,,,,,,,,,
Dec-86,0.248193544,0.053677417,7.18954831,,,,,,,,,,,,,,,
Jan-87,0.237806448,0.374451608,5.459806381,,,,,,,,,,,,,,,
Feb-87,0.221999997,0.32814285,4.074428496,,,,,,,,,,,,,,,
Mar-87,0.295677414,0.34141935,3.820258006,,,,,,,,,,,,,,,
Apr-87,0.32986666,-0.394533328,4.548266601,,,,,,,,,,,,,,,
May-87,0.270838706,-0.583677412,7.781290159,,,,,,,,,,,,,,,
Jun-87,0.314999996,0.937199991,13.66379967,,,,,,,,,,,,,,,
Jul-87,0.285741929,-0.050967743,16.24148356,,,,,,,,,,,,,,,
Aug-87,0.249290317,-0.278193545,16.95683852,,,,,,,,,,,,,,,
Sep-87,0.277933329,-0.207866663,15.14346638,,,,,,,,,,,,,,,
Oct-87,0.2096129,-0.59748386,11.6287095,,,,,,,,,,,,,,,
Nov-87,0.266266662,-0.700266656,8.752066551,,,,,,,,,,,,,,,
Dec-87,0.245935479,-0.473677412,6.663290219,,,,,,,,,,,,,,,
Jan-88,0.232129028,-0.183548384,4.901354774,,,,,,,,,,,,,,,
Feb-88,0.26717241,0.014689655,3.750275805,,,,,,,,,,,,,,,
Mar-88,0.22245161,0.483096766,3.962387025,,,,,,,,,,,,,,,
Apr-88,0.279066663,0.570199991,5.513733241,,,,,,,,,,,,,,,
May-88,0.267612899,0.758451596,9.123870755,,,,,,,,,,,,,,,
Jun-88,0.286599995,-0.230733329,12.49546641,,,,,,,,,,,,,,,
Jul-88,0.277161286,0.040387097,16.33232234,,,,,,,,,,,,,,,
Aug-88,0.245677415,0.24625806,17.48077397,,,,,,,,,,,,,,,
Sep-88,0.22333333,-0.533733327,14.81813299,,,,,,,,,,,,,,,
Oct-88,0.249290318,-0.878838694,11.34709659,,,,,,,,,,,,,,,
Nov-88,0.214466664,-0.773733319,8.677866507,,,,,,,,,,,,,,,
Dec-88,0.230709674,-0.676193537,6.459935376,,,,,,,,,,,,,,,
Jan-89,0.268709673,0.13696774,5.222580579,,,,,,,,,,,,,,,
Feb-89,0.325214281,0.643714275,4.390428504,,,,,,,,,,,,,,,
Mar-89,0.26025806,-0.203741932,3.27496769,,,,,,,,,,,,,,,
Apr-89,0.235266663,-0.134133333,4.809466587,,,,,,,,,,,,,,,
May-89,0.276129027,0.897677407,9.263032096,,,,,,,,,,,,,,,
Jun-89,0.277999996,0.590066658,13.31673305,,,,,,,,,,,,,,,
Jul-89,0.240645157,0.671548376,16.9644514,,,,,,,,,,,,,,,
Aug-89,0.237419351,0.323548382,17.55864494,,,,,,,,,,,,,,,
Sep-89,0.247799997,0.206933329,15.55799967,,,,,,,,,,,,,,,
Oct-89,0.237741932,-0.70432257,11.52258044,,,,,,,,,,,,,,,
Nov-89,0.23653333,-0.279533329,9.173066486,,,,,,,,,,,,,,,
Dec-89,0.227677416,-1.33296772,5.803032172,,,,,,,,,,,,,,,
Jan-90,0.265935479,-0.897935468,4.187419286,,,,,,,,,,,,,,,
Feb-90,0.251071425,0.056357142,3.802928491,,,,,,,,,,,,,,,
Mar-90,0.248709674,0.253290318,3.731935434,,,,,,,,,,,,,,,
Apr-90,0.278399996,-0.22073333,4.722799945,,,,,,,,,,,,,,,
May-90,0.298709673,-0.652903215,7.712580497,,,,,,,,,,,,,,,
Jun-90,0.320999995,-0.292733329,12.43313305,,,,,,,,,,,,,,,
Jul-90,0.275096771,0.273225802,16.56496746,,,,,,,,,,,,,,,
Aug-90,0.25109677,1.788322561,19.02290303,,,,,,,,,,,,,,,
Sep-90,0.220866664,0.712333325,16.06346635,,,,,,,,,,,,,,,
Oct-90,0.258258061,0.342451606,12.5686449,,,,,,,,,,,,,,,
Nov-90,0.238533331,-0.129599998,9.322799813,,,,,,,,,,,,,,,
Dec-90,0.255096771,-0.208645158,6.927225709,,,,,,,,,,,,,,,
Jan-91,0.253225802,0.257741932,5.34283865,,,,,,,,,,,,,,,
Feb-91,0.259428567,0.463857135,4.210357081,,,,,,,,,,,,,,,
Mar-91,0.279935481,0.365935477,3.844645095,,,,,,,,,,,,,,,
Apr-91,0.291199996,0.227199998,5.170599934,,,,,,,,,,,,,,,
May-91,0.257161287,2.097419323,10.46290298,,,,,,,,,,,,,,,
Jun-91,0.281199996,1.180399987,13.90686635,,,,,,,,,,,,,,,
Jul-91,0.254709673,1.0820645,17.37458045,,,,,,,,,,,,,,,
Aug-91,0.235354835,-0.212258061,17.02277397,,,,,,,,,,,,,,,
Sep-91,0.261733329,0.246599998,15.59733306,,,,,,,,,,,,,,,
Oct-91,0.235870964,0.144193546,12.37051589,,,,,,,,,,,,,,,
Nov-91,0.245199996,-0.510066659,8.941999792,,,,,,,,,,,,,,,
Dec-91,0.27077419,0.305548382,7.442128888,,,,,,,,,,,,,,,
Jan-92,0.26225806,0.552774185,5.63825799,,,,,,,,,,,,,,,
Feb-92,0.295379305,0.484137923,4.219586148,,,,,,,,,,,,,,,
Mar-92,0.24993548,0.036,3.514258008,,,,,,,,,,,,,,,
Apr-92,0.274133329,-0.133399997,4.809999933,,,,,,,,,,,,,,,
May-92,0.283806447,-0.500645152,7.864903088,,,,,,,,,,,,,,,
Jun-92,0.262799995,-0.322533327,12.40366645,,,,,,,,,,,,,,,
Jul-92,0.291935479,-1.035161278,15.25735453,,,,,,,,,,,,,,,
Aug-92,0.283161285,-0.949548373,16.28451585,,,,,,,,,,,,,,,
Sep-92,0.26793333,-0.890333317,14.4609996,,,,,,,,,,,,,,,
Oct-92,0.225032255,-0.994322564,11.23161264,,,,,,,,,,,,,,,
Nov-92,0.274133328,-1.356666641,8.095266527,,,,,,,,,,,,,,,
Dec-92,0.280774189,-0.458064509,6.678193434,,,,,,,,,,,,,,,
Jan-93,0.31806451,0.206129029,5.291225721,,,,,,,,,,,,,,,
Feb-93,0.282357139,0.228999998,3.975499944,,,,,,,,,,,,,,,
Mar-93,0.279032254,-0.478129023,3.000838669,,,,,,,,,,,,,,,
Apr-93,0.300599995,-0.571866659,4.371666607,,,,,,,,,,,,,,,
May-93,0.277096769,0.465354831,8.830193388,,,,,,,,,,,,,,,
Jun-93,0.245599995,-0.731599988,11.99446644,,,,,,,,,,,,,,,
Jul-93,0.259612899,0.121806449,16.41393525,,,,,,,,,,,,,,,
Aug-93,0.243483867,-0.077935483,17.15683854,,,,,,,,,,,,,,,
Sep-93,0.258266663,-0.318066662,15.0334664,,,,,,,,,,,,,,,
Oct-93,0.236838705,-1.190129008,11.0359998,,,,,,,,,,,,,,,
Nov-93,0.219466664,-1.118999983,8.333666482,,,,,,,,,,,,,,,
Dec-93,0.254516125,-0.795032245,6.340838621,,,,,,,,,,,,,,,
Jan-94,0.331548382,-0.841483859,4.243419295,,,,,,,,,,,,,,,
Feb-94,0.255428567,-1.101428556,2.645428538,,,,,,,,,,,,,,,
Mar-94,0.266516123,-0.691612893,2.787225757,,,,,,,,,,,,,,,
Apr-94,0.238866662,0.082133331,5.025999927,,,,,,,,,,,,,,,
May-94,0.258645157,-0.704129016,7.661290222,,,,,,,,,,,,,,,
Jun-94,0.253733329,0.2522,12.97806639,,,,,,,,,,,,,,,
Jul-94,0.228838705,1.150451587,17.44225788,,,,,,,,,,,,,,,
Aug-94,0.257354834,-0.221354836,17.01316104,,,,,,,,,,,,,,,
Sep-94,0.247266663,-0.64373332,14.706933,,,,,,,,,,,,,,,
Oct-94,0.225032255,-0.048193549,12.17806427,,,,,,,,,,,,,,,
Nov-94,0.239399996,0.64479999,10.09726646,,,,,,,,,,,,,,,
Dec-94,0.312516125,0.851741921,7.987612762,,,,,,,,,,,,,,,
Jan-95,0.349419351,0.142903225,5.227999926,,,,,,,,,,,,,,,
Feb-95,0.506214283,0.860428558,4.607142785,,,,,,,,,,,,,,,
Mar-95,0.44258064,-0.080774192,3.398903174,,,,,,,,,,,,,,,
Apr-95,0.426799993,-0.63379999,4.309866591,,,,,,,,,,,,,,,
May-95,0.477870961,-0.63670967,7.728516014,,,,,,,,,,,,,,,
Jun-95,0.451333326,0.247666663,12.97386642,,,,,,,,,,,,,,,
Jul-95,0.339806447,0.495870959,16.78870946,,,,,,,,,,,,,,,
Aug-95,0.312645156,0.376838702,17.61187079,,,,,,,,,,,,,,,
Sep-95,0.316066662,0.260733331,15.61186639,,,,,,,,,,,,,,,
Oct-95,0.357999994,0.391483866,12.61735457,,,,,,,,,,,,,,,
Nov-95,0.301933328,0.164199998,9.616599796,,,,,,,,,,,,,,,
Dec-95,0.322193541,-0.468451605,6.66806442,,,,,,,,,,,,,,,
Jan-96,0.267677415,-0.167483869,4.917870897,,,,,,,,,,,,,,,
Feb-96,0.294413788,-0.923172399,2.812827549,,,,,,,,,,,,,,,
Mar-96,0.239032254,-0.720645149,2.758064469,,,,,,,,,,,,,,,
Apr-96,0.269133327,-0.14126666,4.802733255,,,,,,,,,,,,,,,
May-96,0.302064511,0.93554837,9.300838517,,,,,,,,,,,,,,,
Jun-96,0.27006666,1.944599972,14.6707997,,,,,,,,,,,,,,,
Jul-96,0.262193544,-0.940580632,15.35180613,,,,,,,,,,,,,,,
Aug-96,0.25225806,-0.067870968,17.16664494,,,,,,,,,,,,,,,
Sep-96,0.278133329,-0.336666663,15.01446636,,,,,,,,,,,,,,,
Oct-96,0.230516125,-0.438193544,11.78812882,,,,,,,,,,,,,,,
Nov-96,0.241999996,-0.013733333,9.438199761,,,,,,,,,,,,,,,
Dec-96,0.27541935,0.093677418,7.229548252,,,,,,,,,,,,,,,
Jan-97,0.258064512,0.481741931,5.566903155,,,,,,,,,,,,,,,
Feb-97,0.242785712,0.859285697,4.605499937,,,,,,,,,,,,,,,
Mar-97,0.277548382,0.621483863,4.100709618,,,,,,,,,,,,,,,
Apr-97,0.234599997,0.461266658,5.404999935,,,,,,,,,,,,,,,
May-97,0.250774189,-0.44141935,7.923806323,,,,,,,,,,,,,,,
Jun-97,0.277399995,0.578799991,13.30426639,,,,,,,,,,,,,,,
Jul-97,0.233483868,0.331032256,16.62316105,,,,,,,,,,,,,,,
Aug-97,0.251096769,0.059870967,17.29503206,,,,,,,,,,,,,,,
Sep-97,0.252266662,-0.079599997,15.27166648,,,,,,,,,,,,,,,
Oct-97,0.224903222,-0.060451613,12.16535458,,,,,,,,,,,,,,,
Nov-97,0.25833333,-0.22033333,9.231733141,,,,,,,,,,,,,,,
Dec-97,0.248322578,-0.037032257,7.09909666,,,,,,,,,,,,,,,
Jan-98,0.312516123,0.45909677,5.545096695,,,,,,,,,,,,,,,
Feb-98,0.249999996,0.334714281,4.081642797,,,,,,,,,,,,,,,
Mar-98,0.264451609,-0.330387092,3.148580591,,,,,,,,,,,,,,,
Apr-98,0.259199996,0.653999986,5.597533256,,,,,,,,,,,,,,,
May-98,0.311870962,1.059999981,9.425354617,,,,,,,,,,,,,,,
Jun-98,0.308399995,-0.004999998,12.72126637,,,,,,,,,,,,,,,
Jul-98,0.280387092,0.550129023,16.84251594,,,,,,,,,,,,,,,
Aug-98,0.246967737,-0.171161286,17.06374172,,,,,,,,,,,,,,,
Sep-98,0.226399997,0.556466661,15.90793308,,,,,,,,,,,,,,,
Oct-98,0.274903221,-0.858838694,11.36735465,,,,,,,,,,,,,,,
Nov-98,0.25153333,-0.860466651,8.5917998,,,,,,,,,,,,,,,
Dec-98,0.249096771,-0.343870964,6.79193537,,,,,,,,,,,,,,,
Jan-99,0.310258058,0.004838709,5.090128939,,,,,,,,,,,,,,,
Feb-99,0.264785709,-0.199142854,3.547357082,,,,,,,,,,,,,,,
Mar-99,0.267032254,-0.675612892,2.80316125,,,,,,,,,,,,,,,
Apr-99,0.216333331,0.935399982,5.879466582,,,,,,,,,,,,,,,
May-99,0.26541935,1.625419317,9.990773957,,,,,,,,,,,,,,,
Jun-99,0.279999995,2.211333307,14.93733307,,,,,,,,,,,,,,,
Jul-99,0.270322576,0.696774183,16.98870945,,,,,,,,,,,,,,,
Aug-99,0.240129029,0.515548379,17.75019326,,,,,,,,,,,,,,,
Sep-99,0.263399996,1.809199974,17.16046641,,,,,,,,,,,,,,,
Oct-99,0.225677417,0.170838706,12.39690297,,,,,,,,,,,,,,,
Nov-99,0.243399996,-0.074266667,9.37779983,,,,,,,,,,,,,,,
Dec-99,0.236580641,0.383999997,7.520193437,,,,,,,,,,,,,,,
Jan-00,0.258451608,0.542387091,5.627548313,,,,,,,,,,,,,,,
Feb-00,0.265379306,0.132137931,3.867861996,,,,,,,,,,,,,,,
Mar-00,0.2456129,0.722064504,4.200258005,,,,,,,,,,,,,,,
Apr-00,0.283333328,0.928333315,5.871999907,,,,,,,,,,,,,,,
May-00,0.275419351,0.87445159,9.239290147,,,,,,,,,,,,,,,
Jun-00,0.262199995,0.545333325,13.27133314,,,,,,,,,,,,,,,
Jul-00,0.261032253,0.092838704,16.38541906,,,,,,,,,,,,,,,
Aug-00,0.238516125,0.32935483,17.5638708,,,,,,,,,,,,,,,
Sep-00,0.246599996,0.477466656,15.82886645,,,,,,,,,,,,,,,
Oct-00,0.266064513,0.24993548,12.4759352,,,,,,,,,,,,,,,
Nov-00,0.289933328,0.246399997,9.69866647,,,,,,,,,,,,,,,
Dec-00,0.254193543,0.655290312,7.791225641,,,,,,,,,,,,,,,
Jan-01,0.245870963,0.846709661,5.931999923,,,,,,,,,,,,,,,
Feb-01,0.237642853,1.187857118,4.934571369,,,,,,,,,,,,,,,
Mar-01,0.297354834,-0.01767742,3.461225757,,,,,,,,,,,,,,,
Apr-01,0.260733329,-0.269199996,4.673866596,,,,,,,,,,,,,,,
May-01,0.299483865,1.298580618,9.663935303,,,,,,,,,,,,,,,
Jun-01,0.295133329,1.347733312,14.07433304,,,,,,,,,,,,,,,
Jul-01,0.24277419,-0.234580639,16.05754811,,,,,,,,,,,,,,,
Aug-01,0.274451608,1.03187095,18.26612883,,,,,,,,,,,,,,,
Sep-01,0.249199996,0.85713332,16.20839973,,,,,,,,,,,,,,,
Oct-01,0.212193545,0.017483872,12.24387065,,,,,,,,,,,,,,,
Nov-01,0.250199996,-0.033999999,9.41819983,,,,,,,,,,,,,,,
Dec-01,0.229290319,0.888838693,8.02587086,,,,,,,,,,,,,,,
Jan-02,0.249870964,1.227161271,6.312451535,,,,,,,,,,,,,,,
Feb-02,0.227857139,1.47021426,5.215999928,,,,,,,,,,,,,,,
Mar-02,0.267548382,1.198903207,4.677161239,,,,,,,,,,,,,,,
Apr-02,0.276799995,1.462266646,6.406533264,,,,,,,,,,,,,,,
May-02,0.275032254,0.191548385,8.557096632,,,,,,,,,,,,,,,
Jun-02,0.284866662,-0.035733331,12.69033308,,,,,,,,,,,,,,,
Jul-02,0.261483866,0.756580626,17.04909655,,,,,,,,,,,,,,,
Aug-02,0.224387093,1.44070965,18.67535465,,,,,,,,,,,,,,,
Sep-02,0.233599996,0.924799979,16.27639969,,,,,,,,,,,,,,,
Oct-02,0.210387092,1.144580628,13.37070939,,,,,,,,,,,,,,,
Nov-02,0.230466662,0.430199994,9.882333153,,,,,,,,,,,,,,,
Dec-02,0.211870964,0.482258055,7.618451513,,,,,,,,,,,,,,,
Jan-03,0.238387092,0.288129027,5.373354762,,,,,,,,,,,,,,,
Feb-03,0.227714281,0.026785714,3.773214228,,,,,,,,,,,,,,,
Mar-03,0.220193544,-0.014967741,3.463999952,,,,,,,,,,,,,,,
Apr-03,0.229199995,-0.674466656,4.268999929,,,,,,,,,,,,,,,
May-03,0.273483865,-0.56129031,7.803548259,,,,,,,,,,,,,,,
Jun-03,0.262999997,-0.065866664,12.66033309,,,,,,,,,,,,,,,
Jul-03,0.244774189,-0.0652258,16.22722556,,,,,,,,,,,,,,,
Aug-03,0.244580639,0.41735483,17.65154825,,,,,,,,,,,,,,,
Sep-03,0.209866664,1.086399983,16.43793308,,,,,,,,,,,,,,,
Oct-03,0.210580642,-0.239999998,11.98638686,,,,,,,,,,,,,,,
Nov-03,0.225066663,-0.657666653,8.794266485,,,,,,,,,,,,,,,
Dec-03,0.212258061,-0.746258056,6.389935385,,,,,,,,,,,,,,,
Jan-04,0.22309677,-0.228193545,4.857161225,,,,,,,,,,,,,,,
Feb-04,0.211448272,0.017310344,3.75324131,,,,,,,,,,,,,,,
Mar-04,0.225290319,-0.677483858,2.801290271,,,,,,,,,,,,,,,
Apr-04,0.21873333,-0.303999995,4.640333257,,,,,,,,,,,,,,,
May-04,0.232967738,0.208516124,8.573870865,,,,,,,,,,,,,,,
Jun-04,0.21913333,-0.372199993,12.3543331,,,,,,,,,,,,,,,
Jul-04,0.211677415,-0.359548382,15.93296744,,,,,,,,,,,,,,,
Aug-04,0.225161285,-0.302451607,16.93251596,,,,,,,,,,,,,,,
Sep-04,0.20973333,0.755866657,16.10699973,,,,,,,,,,,,,,,
Oct-04,0.2176129,0.134064513,12.36032236,,,,,,,,,,,,,,,
Nov-04,0.214199996,-0.547399992,8.904866473,,,,,,,,,,,,,,,
Dec-04,0.22341935,-0.355999995,6.779999872,,,,,,,,,,,,,,,
Jan-05,0.228322576,0.024709678,5.107096697,,,,,,,,,,,,,,,
Feb-05,0.217999997,-0.582214274,3.151571388,,,,,,,,,,,,,,,
Mar-05,0.204645158,-0.817032245,2.663419309,,,,,,,,,,,,,,,
Apr-05,0.210666663,0.705866654,5.649466591,,,,,,,,,,,,,,,
May-05,0.22774193,-0.331935475,8.033096593,,,,,,,,,,,,,,,
Jun-05,0.226399995,0.162133337,12.88753312,,,,,,,,,,,,,,,
Jul-05,0.226387094,0.625096764,16.91748359,,,,,,,,,,,,,,,
Aug-05,0.225548384,1.212709658,18.44696756,,,,,,,,,,,,,,,
Sep-05,0.19893333,0.998599984,16.34953312,,,,,,,,,,,,,,,
Oct-05,0.223225801,0.136451606,12.36303197,,,,,,,,,,,,,,,
Nov-05,0.211199997,-0.088266665,9.363933099,,,,,,,,,,,,,,,
Dec-05,0.218387093,-0.082903225,7.053741812,,,,,,,,,,,,,,,
Jan-06,0.229870964,0.546322571,5.628967672,,,,,,,,,,,,,,,
Feb-06,0.20978571,0.785785703,4.519714217,,,,,,,,,,,,,,,
Mar-06,0.212967738,0.732064502,4.211870899,,,,,,,,,,,,,,,
Apr-06,0.21393333,0.982533321,5.926399919,,,,,,,,,,,,,,,
May-06,0.241354832,0.301935483,8.666838528,,,,,,,,,,,,,,,
Jun-06,0.257799993,1.821266634,14.54693303,,,,,,,,,,,,,,,
Jul-06,0.217161287,0.95309676,17.24529009,,,,,,,,,,,,,,,
Aug-06,0.226580641,1.110064492,18.34425778,,,,,,,,,,,,,,,
Sep-06,0.205466664,1.248266643,16.59973313,,,,,,,,,,,,,,,
Oct-06,0.209548384,0.450516124,12.67632227,,,,,,,,,,,,,,,
Nov-06,0.225666662,0.251733329,9.70406647,,,,,,,,,,,,,,,
Dec-06,0.20793548,1.305999974,8.442838511,,,,,,,,,,,,,,,
Jan-07,0.228903221,2.374322541,7.456838599,,,,,,,,,,,,,,,
Feb-07,0.226214282,1.41485712,5.148642785,,,,,,,,,,,,,,,
Mar-07,0.221677415,0.770774183,4.25077414,,,,,,,,,,,,,,,
Apr-07,0.234933328,-0.0718,4.871133255,,,,,,,,,,,,,,,
May-07,0.245032252,1.332322558,9.697483659,,,,,,,,,,,,,,,
Jun-07,0.256933327,0.705266651,13.43146636,,,,,,,,,,,,,,,
Jul-07,0.235225803,0.547225798,16.8400643,,,,,,,,,,,,,,,
Aug-07,0.225999996,0.583935474,17.81812883,,,,,,,,,,,,,,,
Sep-07,0.21813333,0.728399988,16.07959973,,,,,,,,,,,,,,,
Oct-07,0.223290318,1.841548349,14.06793521,,,,,,,,,,,,,,,
Nov-07,0.220266662,-0.28773333,9.164466473,,,,,,,,,,,,,,,
Dec-07,0.228129027,-0.636903215,6.499548285,,,,,,,,,,,,,,,
Jan-08,0.221677415,-0.618516117,4.46709669,,,,,,,,,,,,,,,
Feb-08,0.225931029,-0.353310339,3.382275813,,,,,,,,,,,,,,,
Mar-08,0.220322577,-0.344451606,3.134258021,,,,,,,,,,,,,,,
Apr-08,0.222599996,1.717533307,6.660866553,,,,,,,,,,,,,,,
May-08,0.236645157,1.006451595,9.371354681,,,,,,,,,,,,,,,
Jun-08,0.241666662,1.659533304,14.38619975,,,,,,,,,,,,,,,
Jul-08,0.242709673,1.308645137,17.60096756,,,,,,,,,,,,,,,
Aug-08,0.222838705,1.814903195,19.04941916,,,,,,,,,,,,,,,
Sep-08,0.215133329,0.619466654,15.97133301,,,,,,,,,,,,,,,
Oct-08,0.206967738,0.647741919,12.87399969,,,,,,,,,,,,,,,
Nov-08,0.21853333,0.26533333,9.71706641,,,,,,,,,,,,,,,
Dec-08,0.22477419,-0.232967739,6.90283861,,,,,,,,,,,,,,,
Jan-09,0.215999996,-0.34141935,4.740967668,,,,,,,,,,,,,,,
Feb-09,0.216857139,-0.088999998,3.644714234,,,,,,,,,,,,,,,
Mar-09,0.215290318,-0.146838708,3.332516081,,,,,,,,,,,,,,,
Apr-09,0.22313333,0.564466658,5.508133261,,,,,,,,,,,,,,,
May-09,0.232064512,1.333290295,9.698580495,,,,,,,,,,,,,,,
Jun-09,0.242599996,0.898999985,13.62533299,,,,,,,,,,,,,,,
Jul-09,0.236645158,-0.205096766,16.08741908,,,,,,,,,,,,,,,
Aug-09,0.22393548,2.053612873,19.28819336,,,,,,,,,,,,,,,
Sep-09,0.213466663,1.200666645,16.55153309,,,,,,,,,,,,,,,
Oct-09,0.215548383,0.050064517,12.27619329,,,,,,,,,,,,,,,
Nov-09,0.22013333,0.358133328,9.81053311,,,,,,,,,,,,,,,
Dec-09,0.218580641,0.874322568,8.010709543,,,,,,,,,,,,,,,
Jan-10,0.223677415,0.820129018,5.902322495,,,,,,,,,,,,,,,
Feb-10,0.218642854,0.500928565,4.234499929,,,,,,,,,,,,,,,
Mar-10,0.222387093,0.878258055,4.357741865,,,,,,,,,,,,,,,
Apr-10,0.232666662,2.728733295,7.672666548,,,,,,,,,,,,,,,
May-10,0.23109677,2.167354807,10.53212882,,,,,,,,,,,,,,,
Jun-10,0.241333329,2.893399963,15.61913306,,,,,,,,,,,,,,,
Jul-10,0.226580641,2.637677385,18.92980622,,,,,,,,,,,,,,,
Aug-10,0.223161286,1.285935466,18.52058047,,,,,,,,,,,,,,,
Sep-10,0.221066663,1.770133305,17.12133309,,,,,,,,,,,,,,,
Oct-10,0.216451609,0.71058063,12.9373545,,,,,,,,,,,,,,,
Nov-10,0.218199996,0.338199994,9.790266447,,,,,,,,,,,,,,,
Dec-10,0.225677415,0.37038709,7.506838545,,,,,,,,,,,,,,,
Jan-11,0.226451609,0.64761289,5.729935403,,,,,,,,,,,,,,,
Feb-11,0.221071425,0.582071418,4.315928524,,,,,,,,,,,,,,,
Mar-11,0.218451609,0.757290308,4.23645155,,,,,,,,,,,,,,,
Apr-11,0.224333329,0.697599989,5.641199927,,,,,,,,,,,,,,,
May-11,0.24658064,1.199935465,9.565096599,,,,,,,,,,,,,,,
Jun-11,0.241933329,1.761399978,14.48739967,,,,,,,,,,,,,,,
Jul-11,0.22445161,1.945483838,18.2378063,,,,,,,,,,,,,,,
Aug-11,0.223741932,1.380967715,18.61509659,,,,,,,,,,,,,,,
Sep-11,0.219666663,1.73093331,17.08193306,,,,,,,,,,,,,,,
Oct-11,0.21709677,2.220258032,14.44709649,,,,,,,,,,,,,,,
Nov-11,0.209466663,1.281466642,10.7335331,,,,,,,,,,,,,,,
Dec-11,0.209677417,1.678645129,8.814838549,,,,,,,,,,,,,,,
Jan-12,0.210451609,1.770709643,6.855999906,,,,,,,,,,,,,,,
Feb-12,0.215448272,1.965241352,5.701448183,,,,,,,,,,,,,,,
Mar-12,0.222387093,2.838774161,6.317612805,,,,,,,,,,,,,,,
Apr-12,0.212066663,2.390733295,7.334066514,,,,,,,,,,,,,,,
May-12,0.237354834,3.322838659,11.68799973,,,,,,,,,,,,,,,
Jun-12,0.232799995,2.96079995,15.68713305,,,,,,,,,,,,,,,
Jul-12,0.228903222,2.462774157,18.75522558,,,,,,,,,,,,,,,
Aug-12,0.219935481,3.077354801,20.31174173,,,,,,,,,,,,,,,
Sep-12,0.213133329,1.62766664,16.97939971,,,,,,,,,,,,,,,
Oct-12,0.222903222,1.416064497,13.64264484,,,,,,,,,,,,,,,
Nov-12,0.210466663,1.496199972,10.94846643,,,,,,,,,,,,,,,
Dec-12,0.229032254,2.190774167,9.326515919,,,,,,,,,,,,,,,
Jan-13,0.229870964,2.247612876,7.333225671,,,,,,,,,,,,,,,
Feb-13,0.236714281,1.947357112,5.69407135,,,,,,,,,,,,,,,
Mar-13,0.232903221,1.073161273,4.552387039,,,,,,,,,,,,,,,
Apr-13,0.220266663,1.243999977,6.187666563,,,,,,,,,,,,,,,
May-13,0.234580641,2.323806415,10.68870942,,,,,,,,,,,,,,,
Jun-13,0.239333328,1.555666637,14.28153305,,,,,,,,,,,,,,,
Jul-13,0.242258061,2.648838675,18.94161267,,,,,,,,,,,,,,,
Aug-13,0.218451608,0.567677407,17.80212885,,,,,,,,,,,,,,,
Sep-13,0.214066663,0.983466655,16.33433306,,,,,,,,,,,,,,,
Oct-13,0.20909677,1.930129001,14.15677389,,,,,,,,,,,,,,,
Nov-13,0.210866662,0.425399993,9.877733094,,,,,,,,,,,,,,,
Dec-13,0.22709677,-0.100838708,7.035225718,,,,,,,,,,,,,,,
Jan-14,0.226838706,-0.180838707,4.901999909,,,,,,,,,,,,,,,
Feb-14,0.221928567,0.024857142,3.758357095,,,,,,,,,,,,,,,
Mar-14,0.219354835,-0.063161287,3.416451568,,,,,,,,,,,,,,,
Apr-14,0.220399996,-0.014733333,4.929399932,,,,,,,,,,,,,,,
May-14,0.236516124,1.231161268,9.59658049,,,,,,,,,,,,,,,
Jun-14,0.229466664,1.694933302,14.42133311,,,,,,,,,,,,,,,
Jul-14,0.219032254,0.232903217,16.52503206,,,,,,,,,,,,,,,
Aug-14,0.208322577,1.414645137,18.64916108,,,,,,,,,,,,,,,
Sep-14,0.203533329,1.661399964,17.01253308,,,,,,,,,,,,,,,
Oct-14,0.214064512,1.466838681,13.69290291,,,,,,,,,,,,,,,
Nov-14,0.220199997,1.153266645,10.6055331,,,,,,,,,,,,,,,
Dec-14,0.232903222,0.963096753,8.098903055,,,,,,,,,,,,,,,
Jan-15,0.221225803,1.260903197,6.343225708,,,,,,,,,,,,,,,
Feb-15,0.237928566,0.041642858,3.775142799,,,,,,,,,,,,,,,
Mar-15,0.229870962,-0.573999991,2.905161245,,,,,,,,,,,,,,,
Apr-15,0.230466663,-0.188066666,4.755933265,,,,,,,,,,,,,,,
May-15,0.238322577,0.915999981,9.281612773,,,,,,,,,,,,,,,
Jun-15,0.24493333,0.357333327,13.08353308,,,,,,,,,,,,,,,
Jul-15,0.231096769,1.242322556,17.53503201,,,,,,,,,,,,,,,
Aug-15,0.22341935,2.10206449,19.33645132,,,,,,,,,,,,,,,
Sep-15,0.210666663,2.596866625,17.9476664,,,,,,,,,,,,,,,
Oct-15,0.209225803,0.733935473,12.96032223,,,,,,,,,,,,,,,
Nov-15,0.211466663,1.348866639,10.80106641,,,,,,,,,,,,,,,
Dec-15,0.224193544,1.734580612,8.870903052,,,,,,,,,,,,,,,
Jan-16,0.214645157,1.731741907,6.816645061,,,,,,,,,,,,,,,
Feb-16,0.218758617,1.568620669,5.304344755,,,,,,,,,,,,,,,
Mar-16,0.227741931,1.392322557,4.870967676,,,,,,,,,,,,,,,
Apr-16,0.218466663,0.962999985,5.906333261,,,,,,,,,,,,,,,
May-16,0.237612898,1.161290308,9.527032079,,,,,,,,,,,,,,,
Jun-16,0.225333329,1.661799974,14.3881997,,,,,,,,,,,,,,,
Jul-16,0.228903222,2.232516093,18.52470945,,,,,,,,,,,,,,,
Aug-16,0.216580641,1.962516103,19.19716103,,,,,,,,,,,,,,,
Sep-16,0.217999996,2.537133295,17.88833314,,,,,,,,,,,,,,,
Oct-16,0.211935481,2.161161253,14.38703191,,,,,,,,,,,,,,,
Nov-16,0.215866662,1.378266644,10.83079976,,,,,,,,,,,,,,,
Dec-16,0.215741932,1.856645126,8.992773959,,,,,,,,,,,,,,,
Jan-17,0.227806448,1.774516094,6.860322484,,,,,,,,,,,,,,,
Feb-17,0.223357139,1.621214257,5.36764277,,,,,,,,,,,,,,,
Mar-17,0.21645161,0.809225791,4.288128972,,,,,,,,,,,,,,,
Apr-17,0.235133329,1.086666647,6.030599924,,,,,,,,,,,,,,,
May-17,0.240193545,0.969354825,9.334386921,,,,,,,,,,,,,,,
Jun-17,0.236266662,0.46659999,13.19186637,,,,,,,,,,,,,,,
Jul-17,0.230838706,1.066193536,17.35851594,,,,,,,,,,,,,,,
Aug-17,0.221741932,1.110129017,18.34477399,,,,,,,,,,,,,,,
Sep-17,0.221266662,1.240799978,16.59199978,,,,,,,,,,,,,,,
Oct-17,0.214967738,2.550258025,14.77645127,,,,,,,,,,,,,,,
Nov-17,0.216466663,0.664266656,10.11646644,,,,,,,,,,,,,,,
Dec-17,0.225161286,0.464967735,7.601870841,,,,,,,,,,,,,,,
Jan-18,0.241806446,0.012451611,5.094967665,,,,,,,,,,,,,,,
Feb-18,0.224214282,0.795428561,4.529285649,,,,,,,,,,,,,,,
Mar-18,0.225225802,0.918838696,4.397935415,,,,,,,,,,,,,,,
Apr-18,0.22653333,0.505333323,5.449533238,,,,,,,,,,,,,,,
May-18,0.234387093,2.325612871,10.69083844,,,,,,,,,,,,,,,
Jun-18,0.236133329,1.908533303,14.63493301,,,,,,,,,,,,,,,
Jul-18,0.21877419,2.794193518,19.0861933,,,,,,,,,,,,,,,
Aug-18,0.225741931,2.890258026,20.12432236,,,,,,,,,,,,,,,
Sep-18,0.236799997,3.070133286,18.42186646,,,,,,,,,,,,,,,
Oct-18,0.219741932,1.524580617,13.75077393,,,,,,,,,,,,,,,
Nov-18,0.229933329,0.195666664,9.647866441,,,,,,,,,,,,,,,
Dec-18,0.21909677,0.102258064,7.238903103,,,,,,,,,,,,,,,
